label,videoWidth,videoHeight,nose_x,nose_y,left_eye_inner_x,left_eye_inner_y,left_eye_x,left_eye_y,left_eye_outer_x,left_eye_outer_y,right_eye_inner_x,right_eye_inner_y,right_eye_x,right_eye_y,right_eye_outer_x,right_eye_outer_y,left_ear_x,left_ear_y,right_ear_x,right_ear_y,mouth_left_x,mouth_left_y,mouth_right_x,mouth_right_y,left_shoulder_x,left_shoulder_y,right_shoulder_x,right_shoulder_y
100,640,480,324.42,224.76,347.76,194.47,360.29,194.19,369.69,194.38,306.56,195.05,294.63,194.95,286.62,194.92,385.85,207.36,280.70,205.12,349.86,259.45,304.21,262.24,481.77,413.81,182.78,391.08
100,640,480,257.14,217.64,276.55,183.78,288.73,182.54,301.68,181.74,235.70,188.37,221.43,189.27,209.81,190.44,325.48,198.12,202.24,205.02,279.39,249.52,238.73,253.56,424.45,413.75,126.09,393.32
100,640,480,433.86,218.68,451.94,188.26,464.77,188.38,475.78,188.61,415.56,188.43,400.84,188.74,385.69,189.05,487.82,205.10,364.14,204.12,448.78,253.61,407.00,254.87,562.53,423.83,248.55,403.71
100,640,480,401.35,234.11,420.07,200.54,431.24,200.03,441.80,199.29,381.29,202.64,368.94,203.91,357.40,205.44,460.10,214.33,348.24,219.91,424.91,264.42,380.25,269.12,565.38,424.43,253.60,406.29
100,640,480,311.47,238.51,334.22,204.27,346.61,204.78,358.56,205.74,296.11,203.69,281.98,204.26,269.46,204.87,373.56,221.51,254.42,217.06,329.02,271.71,284.79,271.98,442.13,420.68,146.37,386.83
80,640,480,318.65,259.96,339.07,224.50,350.27,224.50,361.06,224.57,303.00,224.77,292.01,224.58,281.66,225.22,378.83,238.50,269.34,239.92,342.03,292.09,297.16,293.00,475.12,415.25,174.20,396.51
80,640,480,220.99,264.70,239.96,227.42,252.27,225.72,263.47,224.99,201.44,232.78,187.60,233.86,175.41,234.72,283.71,238.33,164.46,245.50,247.03,295.49,204.38,300.52,392.32,411.92,91.80,404.82
80,640,480,387.66,263.52,409.41,226.55,422.51,226.68,435.73,227.23,372.59,224.52,359.37,223.27,347.08,222.31,451.40,241.54,327.53,235.00,404.24,297.55,362.45,296.89,525.41,417.59,212.60,411.93
80,640,480,386.65,173.79,401.23,152.68,410.36,155.29,419.56,158.55,370.57,150.87,358.03,152.63,345.42,155.81,429.56,187.87,325.00,186.96,404.14,212.65,365.66,212.10,508.27,411.09,206.70,390.67
80,640,480,326.71,168.96,334.65,150.90,345.33,152.02,355.59,153.61,305.78,153.94,296.47,158.22,287.79,163.01,374.46,182.26,284.51,192.47,358.10,201.10,315.94,205.44,509.42,409.64,196.82,395.99
80,640,480,377.36,166.34,379.98,146.68,386.59,149.81,393.13,152.94,354.21,142.06,342.81,142.59,330.00,144.06,381.89,182.36,294.93,175.48,383.23,201.87,352.90,201.61,453.91,416.90,152.68,382.80
20,640,480,326.52,379.17,352.33,340.58,366.81,338.22,379.46,335.46,300.13,339.86,282.74,336.13,269.38,331.70,399.02,316.67,250.68,317.19,349.00,408.82,298.43,405.88,486.36,402.94,156.35,391.13
20,640,480,266.09,409.72,287.71,366.96,307.88,363.23,325.67,358.61,241.27,368.54,227.96,366.15,214.80,362.63,355.21,333.93,192.98,340.35,296.11,432.06,248.81,433.82,474.52,400.67,107.25,431.06
20,640,480,407.18,414.96,431.74,371.61,445.17,367.52,455.93,363.21,382.55,375.24,363.60,373.23,347.72,370.06,473.41,346.42,314.31,350.65,424.02,441.09,377.22,443.02,537.64,429.10,175.98,408.35
20,640,480,203.74,403.27,240.17,362.85,257.86,361.06,273.96,358.04,188.56,357.96,175.38,352.88,164.27,347.34,317.76,337.03,167.46,324.15,231.10,433.39,184.03,431.31,434.93,403.42,88.08,405.71
70,640,480,412.34,269.77,441.21,259.34,447.56,267.10,453.61,273.76,418.36,233.43,410.44,224.85,400.38,215.52,443.18,281.88,364.23,211.57,400.00,302.98,371.82,279.37,429.67,411.80,144.98,354.02
70,640,480,296.18,250.71,292.42,214.70,301.84,207.85,310.99,201.18,265.08,233.16,256.75,237.28,249.03,242.74,330.34,209.61,247.10,253.49,335.89,266.08,301.67,284.79,496.54,391.04,198.52,385.63
20,640,480,317.77,349.05,343.38,306.22,356.82,304.30,368.70,302.63,293.90,304.68,278.00,300.89,266.43,297.37,387.69,297.91,251.35,289.91,342.43,379.22,291.84,378.39,480.89,398.57,142.81,403.46
10,640,480,315.33,349.71,336.45,318.34,348.36,316.86,359.36,315.05,297.19,316.12,284.36,312.67,272.74,308.45,375.84,303.26,259.24,294.16,336.31,375.01,293.39,370.85,452.42,376.97,168.13,360.69
10,640,480,200.31,345.58,222.63,311.58,237.30,308.95,249.79,306.22,183.44,312.82,171.20,311.15,160.17,308.60,277.03,295.21,153.73,295.95,226.21,369.64,184.09,370.55,373.82,363.08,92.83,365.40
10,640,480,390.95,368.83,395.53,332.38,404.02,327.80,412.13,322.78,366.43,343.35,354.54,345.98,342.08,347.94,420.21,314.85,316.63,342.95,410.94,384.63,380.46,391.32,516.62,400.05,234.31,379.88
70,640,480,325.24,282.23,347.20,246.98,361.93,245.99,374.07,245.25,307.01,246.73,295.53,245.67,283.40,244.48,389.12,250.35,264.74,248.96,347.69,315.58,304.05,315.12,466.97,382.16,170.39,374.92
70,640,480,193.63,293.03,217.78,255.53,233.83,254.17,246.74,252.99,175.96,256.73,163.73,256.10,154.78,255.31,275.96,254.90,156.84,256.39,221.98,324.74,175.35,327.90,398.40,381.59,92.21,409.50
70,640,480,136.83,282.01,162.44,244.12,173.77,241.91,185.02,239.79,140.71,246.00,136.59,245.18,132.78,244.31,240.60,241.43,164.98,244.04,166.82,310.51,141.47,315.21,410.47,384.27,103.90,415.08
70,640,480,433.52,295.73,431.54,263.31,434.44,262.12,436.73,260.80,410.85,265.45,399.85,265.32,385.72,265.08,407.48,262.87,325.04,269.72,430.77,324.62,408.53,330.59,458.38,396.18,170.82,378.46
50,640,480,317.44,335.66,334.42,302.42,343.76,302.45,353.69,302.51,299.77,299.76,287.87,298.10,275.52,296.45,362.50,298.40,252.98,290.31,330.75,362.91,291.79,360.40,436.36,408.47,152.37,386.68
50,640,480,227.37,298.90,243.01,261.65,256.04,260.16,269.82,258.78,210.59,265.20,199.14,265.75,188.41,266.22,294.15,261.59,179.28,269.48,253.37,326.97,213.76,330.93,406.28,403.32,99.51,411.78
50,640,480,394.24,307.04,412.93,275.07,421.68,276.14,430.12,277.61,380.72,269.22,364.76,266.69,348.45,264.76,428.62,282.63,316.11,265.57,398.40,338.72,359.85,337.54,475.27,419.24,172.95,393.71
70,640,480,318.24,338.27,343.55,300.38,356.48,298.91,368.24,297.72,297.75,299.87,282.86,298.71,271.11,296.97,387.31,296.55,256.85,290.91,342.09,367.50,291.77,366.72,469.33,435.14,156.31,413.36
70,640,480,215.81,327.84,240.26,278.47,259.11,275.13,278.43,271.87,190.66,280.45,176.87,279.51,166.45,278.70,323.83,272.08,165.45,278.34,246.43,362.56,203.47,363.41,452.33,434.09,98.16,437.80
70,640,480,375.70,343.66,406.46,302.01,420.45,300.99,431.96,300.50,353.18,299.73,336.00,296.03,322.34,292.68,447.37,297.71,299.70,284.72,396.51,377.85,344.90,377.51,527.88,440.89,181.85,407.14
100,640,480,375.53,217.17,391.21,191.33,401.23,191.68,409.59,192.77,361.00,192.48,349.33,193.85,338.51,195.82,427.09,209.86,327.39,213.98,392.79,246.68,357.47,247.32,520.84,379.55,242.47,376.42
100,640,480,481.30,226.07,497.74,201.15,505.92,202.48,512.38,204.22,465.63,198.60,452.25,198.41,439.68,198.80,519.04,219.64,424.91,213.09,495.83,257.09,455.47,256.02,581.74,390.76,308.66,369.65
100,640,480,260.78,215.48,274.19,188.63,283.99,187.54,294.75,186.76,248.47,194.22,239.32,196.94,230.59,199.62,321.33,201.46,232.04,212.90,286.06,242.88,254.71,246.08,437.18,378.82,167.37,368.52
80,640,480,276.88,240.29,295.27,208.66,307.67,207.26,318.09,206.39,261.81,213.51,252.82,215.06,243.75,216.72,336.57,219.87,238.74,227.38,302.11,269.39,263.08,272.42,443.44,379.75,167.78,370.67
80,640,480,405.19,241.71,421.70,213.24,430.48,213.75,437.76,214.77,390.17,212.14,377.19,211.57,366.36,211.24,440.48,227.24,347.09,221.77,412.30,272.96,377.48,272.88,484.48,386.23,221.23,368.47
80,640,480,385.67,268.41,402.91,234.77,414.28,233.66,425.16,232.64,368.35,234.54,356.36,233.26,342.96,232.82,435.94,236.53,318.48,233.78,397.72,298.69,361.32,298.90,505.81,392.18,213.33,376.16
60,640,480,374.99,273.40,391.26,241.14,403.06,240.50,413.87,240.27,358.80,241.54,346.06,241.39,335.15,241.78,431.85,248.87,318.27,249.11,392.92,308.13,351.76,309.40,521.97,396.72,228.56,394.94
60,640,480,310.39,307.59,327.76,270.93,342.61,268.61,356.72,266.72,291.40,274.12,278.95,274.33,268.07,274.46,380.34,265.11,261.60,273.06,340.26,336.97,299.03,338.13,491.27,397.07,203.03,399.39
60,640,480,479.36,312.53,490.41,278.79,497.53,277.95,504.02,277.24,464.42,276.44,449.86,274.57,433.15,272.39,498.17,276.61,394.87,269.49,480.48,341.34,448.61,342.00,542.08,391.82,256.25,401.23
40,640,480,404.21,375.90,428.00,340.01,439.80,337.58,451.15,334.53,379.84,339.10,361.16,336.05,345.92,332.55,462.43,318.41,320.49,321.23,420.64,403.87,374.04,403.98,535.96,402.54,230.75,419.67
40,640,480,262.17,375.48,280.00,338.13,294.99,334.50,308.81,330.03,244.66,339.58,236.85,337.93,230.33,336.50,352.95,314.84,241.69,324.08,296.89,403.46,260.55,404.47,503.14,417.92,201.18,400.68
40,640,480,456.44,376.13,474.51,343.27,482.78,341.46,489.30,339.15,440.36,340.50,423.38,337.52,407.81,332.71,487.33,323.64,369.74,315.20,459.34,402.87,421.30,402.10,524.86,397.90,233.48,423.07
40,640,480,483.88,364.59,500.84,334.05,507.49,333.42,514.50,332.51,472.39,327.29,457.01,321.35,442.19,315.20,511.13,321.86,402.27,299.31,482.86,393.46,445.43,388.72,532.69,404.41,243.12,424.19
20,640,480,368.98,388.40,404.80,345.57,422.52,343.41,437.11,341.14,341.63,344.39,327.23,341.90,315.62,338.94,467.80,328.41,296.91,325.13,402.07,423.04,343.64,418.77,565.93,428.72,208.30,438.24
20,640,480,275.34,378.68,301.55,338.16,320.77,336.45,340.83,334.35,257.17,337.12,246.68,334.85,238.06,332.40,392.10,324.66,244.95,323.28,310.43,418.77,263.31,414.26,533.69,426.55,201.84,406.48
20,640,480,492.44,390.34,510.28,350.45,519.50,348.05,528.96,344.87,472.31,348.61,449.04,345.10,429.21,341.24,526.92,329.62,382.32,328.58,495.06,423.38,452.57,424.37,555.01,410.51,233.91,421.25
80,640,480,429.11,234.62,448.16,209.50,456.04,212.62,465.90,216.33,421.06,201.14,410.00,198.13,398.03,195.21,469.18,230.47,367.61,205.14,434.48,266.70,400.11,260.37,511.70,389.43,235.45,381.99
80,640,480,305.26,232.53,308.87,201.64,317.46,196.51,326.39,191.48,286.51,213.23,279.42,218.76,273.56,223.17,358.01,197.97,281.24,231.07,336.60,251.57,309.06,260.97,506.17,373.54,240.99,384.82
80,640,480,296.46,208.88,301.63,182.48,309.65,178.95,318.01,175.46,279.76,195.97,273.01,200.92,267.14,205.21,350.12,183.75,279.99,219.44,327.69,225.31,299.68,235.36,498.78,362.34,241.28,384.62
80,640,480,374.26,164.69,384.56,156.41,392.79,158.80,400.73,161.72,359.08,154.52,350.08,155.67,341.29,157.50,410.33,185.39,326.49,188.84,395.36,192.79,359.56,190.28,506.14,372.41,240.88,379.49
80,640,480,438.12,187.82,452.59,174.74,460.54,178.49,467.29,182.48,426.58,168.79,416.12,167.39,405.22,165.81,466.03,203.57,379.68,183.08,446.36,221.96,412.42,213.64,511.95,382.57,247.03,370.05
70,640,480,397.34,262.74,414.03,229.60,425.25,229.12,435.30,229.11,378.63,229.74,364.85,230.06,352.79,230.72,449.88,239.22,332.33,240.35,414.12,298.41,371.58,300.57,540.95,399.71,233.50,399.13
70,640,480,328.58,262.86,348.54,228.28,364.55,225.70,379.72,224.07,316.54,231.79,307.11,232.56,298.77,233.16,407.15,233.70,298.09,240.58,358.09,295.07,318.49,297.77,538.65,403.93,224.75,389.11
70,640,480,311.03,273.50,331.77,237.38,348.43,234.94,364.75,232.83,293.19,241.78,281.76,242.62,269.40,244.44,390.37,239.54,260.23,251.59,341.17,304.89,296.98,310.89,507.14,407.82,189.42,393.27
100,640,480,365.96,208.62,384.71,180.49,395.95,180.12,406.46,180.47,349.19,182.54,336.46,183.53,325.72,184.77,419.89,197.45,312.34,199.11,386.45,241.14,342.58,243.08,522.43,379.57,221.75,375.19
100,640,480,387.94,207.16,409.03,173.92,420.06,174.07,431.23,174.05,366.58,173.92,348.00,174.02,333.44,174.68,447.83,189.44,312.82,186.84,408.07,242.33,356.48,243.55,554.75,393.23,202.76,393.13
100,640,480,366.74,210.63,383.03,184.45,393.66,184.36,401.86,185.08,351.71,186.73,340.67,188.81,330.00,190.90,416.68,201.53,317.25,205.66,389.77,241.42,349.14,242.89,514.66,379.24,236.01,378.50
100,640,480,346.62,248.57,361.51,222.23,371.40,221.28,380.29,220.38,331.80,224.68,322.41,225.58,315.54,226.33,395.17,229.17,307.84,235.46,367.41,272.80,331.33,276.33,467.76,365.90,237.77,375.05
100,640,480,218.39,272.52,227.51,242.71,237.16,239.96,246.30,237.09,204.27,250.46,197.74,252.93,192.14,255.32,269.43,238.75,200.19,261.80,246.73,291.27,218.89,300.21,415.26,373.28,159.25,389.73
100,640,480,412.60,252.99,428.30,230.48,436.85,230.45,445.40,230.72,402.82,230.22,393.58,230.20,383.92,230.48,454.75,238.94,371.82,238.32,424.18,278.60,396.98,277.84,509.07,374.54,278.86,368.94
100,640,480,370.56,242.05,384.86,213.96,394.19,213.52,403.19,213.39,355.88,214.76,345.79,215.26,338.00,215.98,413.15,224.81,325.81,229.19,389.59,268.11,351.93,268.57,497.07,373.20,236.84,382.63
100,640,480,453.81,240.51,440.30,214.66,438.51,214.06,436.32,213.45,433.06,215.43,426.05,215.59,418.30,215.94,404.42,223.59,374.13,228.15,443.58,265.65,433.38,267.71,473.46,364.87,236.84,378.24
100,640,480,251.23,256.50,264.21,231.68,270.48,229.75,277.04,227.64,258.50,233.11,259.96,232.33,262.20,231.41,320.58,230.29,305.40,235.05,276.24,279.34,268.42,280.31,487.12,375.46,251.74,386.99
80,640,480,355.88,269.59,371.64,237.72,381.70,236.09,390.12,234.50,340.76,239.72,330.93,239.29,322.23,239.20,405.88,237.53,318.43,243.01,378.77,293.10,342.49,297.47,498.43,376.19,242.78,388.83
80,640,480,428.20,261.63,426.17,234.74,428.23,233.93,430.01,233.12,410.54,234.27,401.17,233.44,389.79,232.65,406.16,238.40,344.50,239.14,423.13,285.87,405.94,289.26,458.81,374.95,200.31,391.47
80,640,480,293.37,257.73,308.07,228.31,317.64,226.97,328.79,225.37,292.30,230.64,289.47,230.77,286.61,230.91,369.03,232.34,306.63,237.08,317.04,282.19,295.77,283.72,491.00,376.98,240.86,386.42
80,640,480,355.89,257.25,372.21,224.72,382.02,223.85,390.75,222.91,339.03,225.98,327.35,225.80,316.90,225.32,404.15,229.94,308.69,232.21,375.94,282.27,336.98,284.42,495.41,372.91,229.50,388.22
80,640,480,361.20,247.20,376.09,216.48,385.79,216.45,394.30,216.59,345.03,217.42,333.94,218.15,323.94,218.98,407.96,227.52,311.82,229.88,380.83,273.63,342.80,276.86,496.42,376.25,230.76,387.92
75,640,480,363.21,235.09,375.17,211.74,383.48,212.07,390.98,212.89,348.05,212.92,338.20,214.21,329.43,215.97,402.05,227.46,315.43,231.32,381.44,261.43,347.15,264.07,485.65,372.26,236.14,381.83
75,640,480,364.17,213.59,372.31,198.91,379.60,199.92,386.72,201.22,348.28,199.96,339.71,201.76,331.37,204.24,394.18,220.02,317.38,226.26,382.10,239.13,351.12,242.07,483.74,371.02,237.61,382.99
75,640,480,368.79,208.69,372.87,196.23,379.67,197.57,386.41,199.11,350.88,196.72,342.66,198.51,334.25,200.95,391.23,218.10,318.43,224.90,385.25,234.42,356.40,236.86,483.43,374.60,235.67,385.24
75,640,480,448.87,236.04,436.08,213.87,435.77,213.96,435.17,213.94,425.75,214.67,418.91,215.40,411.43,216.38,406.38,226.17,375.27,231.23,446.25,261.08,432.20,263.85,479.56,370.60,244.42,385.65
75,640,480,288.03,234.37,307.92,211.33,314.17,210.95,320.68,210.71,300.53,212.55,300.94,212.92,300.55,213.39,360.91,225.12,325.97,227.15,307.43,257.49,297.22,260.74,483.21,374.61,238.76,383.97
75,640,480,483.03,279.09,520.32,279.72,529.52,288.98,537.08,296.09,500.77,255.54,496.69,249.42,491.86,243.30,538.21,307.74,483.37,247.84,477.93,313.46,457.83,287.78,533.97,422.95,295.42,366.44
75,640,480,266.60,281.32,260.34,255.12,267.10,247.94,274.28,240.67,240.31,269.22,232.78,275.41,225.13,281.98,294.45,237.15,229.57,291.12,300.67,292.78,273.23,313.90,455.74,360.26,213.10,388.83
75,640,480,301.62,239.01,296.00,212.89,302.16,208.14,308.70,204.02,274.91,232.50,265.43,241.80,256.72,250.16,324.44,213.15,249.06,265.74,331.55,256.02,296.05,272.82,462.52,353.85,219.98,388.08
60,640,480,355.33,288.17,370.32,251.69,379.89,249.64,389.23,247.79,338.83,253.62,326.82,253.73,316.35,254.30,402.42,247.52,297.38,257.89,372.11,314.32,336.56,317.90,485.06,379.33,220.63,401.52
60,640,480,358.75,316.98,374.39,279.45,384.57,276.45,394.40,272.98,340.53,281.08,327.67,279.73,316.24,278.25,408.80,264.80,297.28,271.40,375.15,341.30,339.47,344.66,488.57,389.02,216.57,410.47
60,640,480,526.35,320.92,517.19,288.98,516.54,287.14,515.11,285.46,504.81,292.69,495.45,293.31,484.24,293.99,460.78,290.62,424.32,294.67,517.31,350.15,500.55,352.61,503.09,387.43,231.78,421.33
60,640,480,249.83,380.67,272.17,347.37,288.37,349.49,298.57,349.02,246.18,343.84,236.82,341.18,231.32,338.85,357.86,346.91,236.20,332.86,289.13,417.12,253.56,408.60,459.98,469.31,207.82,403.30
60,640,480,366.78,365.74,384.50,329.83,398.31,328.19,410.92,325.72,348.22,328.10,335.84,326.04,324.36,323.57,426.52,314.64,300.96,314.01,385.23,389.82,347.35,386.90,497.03,422.02,215.54,423.87
40,640,480,372.88,316.49,390.62,277.33,403.24,276.03,415.42,274.49,355.22,276.36,341.99,275.01,328.89,273.31,432.68,272.52,304.92,271.15,390.39,346.23,352.15,344.88,507.38,387.63,224.89,384.23
40,640,480,369.36,296.37,386.05,261.55,396.49,260.03,406.56,258.19,353.13,261.93,341.36,261.00,329.55,259.77,422.99,255.01,308.87,256.47,385.52,323.47,349.73,323.84,501.28,353.21,234.33,361.09
40,640,480,373.48,306.20,388.94,272.75,399.80,271.79,410.01,270.25,354.69,271.66,342.44,270.45,330.64,268.84,425.15,262.26,310.35,263.00,388.39,331.80,352.90,330.55,497.39,347.43,234.92,361.55
50,640,480,359.40,319.44,377.00,289.25,387.01,288.29,396.45,287.35,344.63,288.11,334.39,285.95,324.15,283.37,409.72,281.11,313.19,275.58,376.75,342.12,342.08,339.01,502.91,397.08,226.23,386.19
50,640,480,452.00,313.06,448.44,285.72,449.87,284.64,451.47,283.44,434.10,285.89,424.77,284.93,413.99,283.48,426.28,280.90,373.32,278.79,446.16,337.52,427.19,337.62,499.63,382.50,228.19,395.94
50,640,480,212.36,324.11,228.63,290.49,235.36,290.02,242.96,289.65,221.16,288.91,222.17,287.24,223.59,285.64,290.85,289.45,269.23,286.61,237.13,348.97,226.62,348.23,473.89,410.93,220.38,397.19
50,640,480,468.11,301.26,460.08,272.77,459.55,272.01,458.60,271.24,449.63,272.97,441.73,272.56,431.99,272.45,421.80,274.72,385.03,278.65,459.32,328.39,444.80,330.20,478.70,390.89,222.62,397.27
70,640,480,364.65,277.78,370.87,261.00,376.41,260.64,381.85,260.54,352.95,263.17,346.07,264.43,338.74,266.11,387.02,271.31,323.31,279.39,375.36,295.65,352.27,298.28,451.66,356.52,265.78,367.43
100,640,480,339.20,241.07,359.07,213.05,370.60,212.43,379.42,212.59,324.59,215.54,315.18,216.16,308.51,217.15,393.87,224.89,301.86,230.03,363.31,266.75,321.40,269.06,490.22,400.39,220.79,389.27
100,640,480,410.91,242.77,408.74,215.83,412.42,215.97,415.74,216.40,390.02,215.99,378.96,216.43,366.11,217.34,397.09,230.19,325.21,232.93,413.50,269.66,391.75,270.34,447.72,393.07,209.23,366.04
100,640,480,255.73,251.13,268.13,223.17,274.24,221.71,280.49,220.26,261.56,225.04,262.29,224.96,263.43,224.88,333.13,226.35,309.85,231.29,282.34,274.75,273.60,275.05,455.98,368.92,291.55,373.96
100,640,480,451.21,247.08,465.78,218.88,475.39,218.50,483.39,218.25,432.84,222.71,421.29,224.70,411.12,226.45,491.33,229.63,397.10,241.04,469.85,273.67,429.83,277.44,576.87,385.91,306.73,394.38
100,640,480,191.02,208.39,215.30,181.12,229.40,180.98,243.66,181.37,185.11,182.21,178.45,182.47,173.30,182.85,283.80,200.06,193.24,198.04,225.10,245.20,187.71,244.38,429.15,402.28,119.27,395.45
100,640,480,267.44,225.50,285.03,197.12,296.92,197.64,306.57,198.83,248.93,198.63,237.54,200.25,228.56,202.18,321.28,217.49,216.68,219.32,290.51,257.14,246.22,258.58,407.75,401.79,123.73,380.13
80,640,480,276.35,238.51,297.03,205.44,308.29,205.27,318.65,205.98,259.38,207.45,246.37,208.65,235.87,209.73,337.88,219.82,226.89,221.32,300.55,268.92,255.12,271.29,414.78,396.32,142.83,362.90
80,640,480,393.94,267.94,396.94,236.72,398.25,236.02,399.21,235.45,382.65,234.26,372.30,231.56,361.87,228.05,360.07,234.32,301.01,224.49,379.51,297.77,361.17,298.56,410.00,404.92,116.58,389.37
80,640,480,178.74,271.19,192.72,236.83,204.20,234.74,216.62,232.07,170.14,239.69,164.81,239.69,160.40,239.75,277.45,232.44,192.46,237.84,211.51,298.65,187.43,303.07,422.84,403.30,116.43,398.27
80,640,480,145.12,289.46,159.54,249.16,167.76,245.86,178.03,242.04,147.06,253.89,146.50,253.66,146.30,253.30,241.73,238.42,194.09,249.48,178.51,317.86,162.30,324.61,437.64,401.95,120.65,411.05
80,640,480,299.10,172.48,297.01,154.96,303.41,156.42,309.43,158.39,273.04,155.95,262.50,158.67,251.60,162.38,305.76,186.87,226.49,201.49,312.11,206.78,282.28,208.84,421.35,391.04,136.14,389.35
80,640,480,282.02,172.85,279.03,156.01,286.38,157.61,293.43,159.40,255.41,158.37,245.88,162.17,236.66,166.69,292.99,187.17,214.40,204.28,303.56,208.05,264.36,210.74,408.06,395.26,114.34,394.97
80,640,480,284.91,318.72,302.20,275.87,314.53,271.28,326.78,266.67,260.66,281.11,245.69,280.26,231.53,278.21,344.28,253.86,208.32,264.01,304.28,343.51,262.94,349.59,424.70,400.80,114.87,390.88
80,640,480,409.80,248.39,413.58,221.66,415.75,222.46,417.68,223.48,396.43,215.95,386.02,212.82,373.18,209.96,390.63,230.08,322.66,215.97,399.85,274.93,379.97,273.51,412.88,394.83,152.40,359.78
80,640,480,389.07,247.84,402.45,221.07,407.86,222.56,412.50,224.66,378.36,212.71,366.85,208.84,354.82,205.28,394.58,234.65,316.34,211.27,383.97,275.06,355.98,272.68,412.06,395.03,157.91,352.53
80,640,480,191.52,256.67,202.48,224.67,212.19,221.76,221.91,218.00,182.74,232.18,178.35,233.30,174.41,234.71,266.47,218.42,203.87,234.15,225.41,275.89,206.22,284.42,429.13,389.51,146.25,382.11
80,640,480,181.98,256.36,192.97,224.47,202.57,220.80,212.45,216.43,172.34,232.28,168.27,233.45,164.62,234.92,260.74,216.62,198.03,234.30,215.84,275.26,196.25,284.63,426.20,389.37,135.61,385.12
70,640,480,309.07,279.66,328.03,240.85,340.57,238.87,352.99,237.59,290.18,244.06,274.72,244.44,262.09,245.11,371.17,244.74,237.67,249.42,328.40,314.06,286.24,317.72,442.85,397.95,141.00,387.75
70,640,480,448.18,321.91,469.02,279.26,483.27,277.56,497.68,276.46,427.31,281.19,412.58,280.76,397.13,280.48,513.53,274.98,369.88,279.24,469.01,353.23,422.19,354.50,596.86,416.09,263.85,415.34
70,640,480,548.21,277.62,538.76,247.18,537.57,246.15,535.79,245.21,529.68,247.31,521.25,246.60,511.82,246.08,493.82,251.35,456.09,256.43,533.93,309.69,522.41,312.83,511.04,400.12,287.73,399.49
70,640,480,322.56,274.61,341.39,232.25,353.74,230.50,366.34,229.17,295.93,233.08,277.08,232.22,260.42,231.99,375.19,234.70,234.41,238.57,337.94,308.45,290.95,312.36,415.21,395.95,102.10,399.09
70,640,480,190.52,328.01,211.20,282.38,227.37,278.71,246.50,274.24,175.91,286.11,166.24,285.45,157.93,284.30,310.29,267.00,182.00,279.56,227.83,356.79,190.71,357.73,463.90,409.71,139.49,423.24
50,640,480,317.52,348.13,340.77,299.27,357.21,296.58,373.01,294.03,291.28,300.98,272.86,300.18,256.42,298.94,400.19,288.14,231.02,293.25,341.56,382.13,289.07,381.31,477.36,428.80,149.02,432.10
50,640,480,575.72,365.67,560.54,327.41,556.64,325.22,551.33,322.86,557.20,330.25,549.93,330.23,542.69,329.87,478.05,326.61,464.34,338.04,563.66,395.70,552.72,401.74,461.92,458.36,270.32,461.36
50,640,480,29.26,348.48,43.67,303.74,52.39,302.41,61.77,300.28,34.68,305.38,36.33,305.35,38.23,304.36,145.17,303.56,108.04,301.76,64.17,381.47,58.21,388.78,417.64,440.50,123.07,434.92
50,640,480,389.60,357.01,418.13,304.55,435.98,302.76,450.46,301.44,352.35,307.41,332.43,307.49,316.24,306.98,475.94,304.37,285.30,309.64,420.89,394.60,356.34,401.19,565.03,479.40,162.32,467.65
30,640,480,312.76,263.15,330.94,226.12,343.90,225.10,356.53,224.31,296.11,228.28,284.93,228.69,275.03,229.01,378.27,226.89,266.95,228.94,338.50,292.86,298.32,293.41,489.64,371.00,175.46,358.12
30,640,480,305.82,366.78,333.07,320.09,353.35,316.30,369.42,312.21,279.08,319.08,264.98,316.55,253.07,314.17,401.93,298.64,243.85,303.31,338.94,404.32,283.53,401.55,531.46,443.65,147.20,424.56
30,640,480,535.95,343.29,528.04,307.23,524.27,305.30,520.31,303.12,524.35,308.10,519.35,306.70,513.48,304.94,473.13,297.03,463.98,299.02,515.54,368.15,511.41,369.64,410.22,424.79,316.32,442.80
30,640,480,102.68,340.73,113.79,302.22,121.91,298.75,131.29,294.63,105.16,306.18,106.08,305.66,107.12,304.75,200.65,282.41,161.37,292.23,138.28,364.67,127.33,367.25,399.25,397.53,164.79,390.47
20,640,480,320.67,323.29,348.98,260.69,369.03,257.96,389.02,256.19,293.21,264.76,272.02,265.45,253.51,265.80,426.24,253.93,227.06,262.77,352.26,361.21,290.08,363.98,545.38,417.33,136.29,419.98
20,640,480,289.54,326.91,324.09,261.06,347.36,258.31,365.88,256.65,255.90,268.06,238.03,269.87,220.76,271.05,399.85,255.44,197.01,269.48,329.63,367.63,259.86,373.39,539.31,427.38,107.23,432.19
20,640,480,110.75,253.27,130.42,203.61,148.51,198.47,167.11,193.60,97.42,213.80,88.29,216.27,79.77,219.25,231.84,198.17,107.53,221.96,153.76,293.45,119.58,302.47,439.71,395.06,80.00,389.54
20,640,480,281.89,254.11,308.90,197.78,328.82,195.37,348.90,193.52,250.73,203.20,230.51,205.62,212.69,208.85,385.19,206.48,193.62,222.18,314.91,297.85,250.87,304.96,528.99,430.46,114.09,427.43
20,640,480,279.81,253.59,310.09,195.12,329.99,192.14,348.19,190.17,243.97,203.89,225.20,207.38,209.55,211.31,385.15,202.99,192.82,224.51,321.66,297.28,248.50,309.10,537.19,422.61,95.96,433.72
20,640,480,311.99,298.46,346.55,229.85,368.12,228.20,389.33,226.86,277.60,232.71,254.08,233.22,235.97,233.95,430.03,228.49,213.99,236.60,345.55,348.85,273.04,353.18,571.25,436.69,99.95,445.54
100,640,480,316.68,281.13,333.29,250.30,341.61,249.62,349.50,249.00,305.19,253.55,295.72,254.78,286.00,255.95,365.45,256.66,281.51,263.27,338.34,302.03,304.59,308.96,440.99,387.72,215.65,405.03
100,640,480,302.09,288.76,314.78,258.21,323.33,257.60,331.83,257.51,287.81,260.31,278.06,261.13,268.19,262.54,344.60,269.78,256.80,274.98,319.58,315.20,285.95,317.59,412.41,401.30,206.39,397.83
100,640,480,316.78,291.32,334.34,263.19,343.57,262.37,352.58,262.30,310.14,266.50,303.19,267.49,296.69,269.04,375.58,273.18,304.06,278.76,340.66,314.66,312.86,317.24,473.50,397.25,248.16,391.15
100,640,480,427.25,294.04,442.28,268.37,451.29,267.93,459.81,267.98,414.44,270.22,405.37,271.15,397.29,272.53,476.81,277.87,393.77,283.44,444.47,318.38,413.32,320.16,560.92,401.96,328.04,391.53
100,640,480,375.79,284.18,374.43,262.61,378.07,262.55,381.04,262.73,356.51,264.33,346.86,265.91,336.25,267.65,365.84,275.55,305.37,279.45,377.12,311.64,356.23,314.68,410.95,403.43,225.54,380.11
100,640,480,314.90,242.71,337.69,209.60,351.47,209.08,361.80,209.55,291.58,212.04,277.43,213.26,266.05,214.99,373.52,221.88,253.20,228.50,343.09,277.51,289.38,279.62,466.30,422.84,144.02,401.07
100,640,480,318.38,199.60,348.48,145.43,368.81,143.26,386.85,141.80,285.97,152.62,268.01,155.42,253.93,158.32,419.27,147.08,231.44,174.87,355.33,246.22,291.72,250.12,536.12,392.48,149.16,410.75